Workbook

Sheet 目次
A1: システム名 | D1: 災対用ビル別情報マップ | AA1: 章 | AC1: 節 | AE1: 項
A2: 章番号 | D2: ="第"&DBCS($AA$3)&"章 "&AB3 -> 第５章 ファイル設計 | AA2: 番 | AB2: 章分類 | AC2: 番 | AD2: 節分類 | AE2: 番 | AF2: 機能名
A3: 機能名 | AA3: 5 | AB3: ファイル設計 | AC3: 2 | AD3: ファイル詳細 | AE3: 1 | AF3: 被災状況登録
A4: =IF($AA$3="","",DBCS($AA$3))&IF($AC$3="","",DBCS("."&$AC$3))&IF($AE$3="","",DBCS("."&$AE$3))&DBCS(" ")&$AF$3 -> ５．２．１ 被災状況登録
AA6: 段
AA7: 番 | AB7: ファイル名
D8: =IF($AA8="","",IF($AA$3="","",DBCS($AA$3))&IF($AC$3="","",DBCS("."&$AC$3))&IF($AE$3="","",DBCS("."&$AE$3))&IF($AA8="","",DBCS("."&$AA8))&DBCS(" ")&$AB8) -> ５．２．１．１ 被災状況CSV | AA8: 1 | AB8: 被災状況CSV
D10: =IF($AA10="","",IF($AA$3="","",DBCS($AA$3))&IF($AC$3="","",DBCS("."&$AC$3))&IF($AE$3="","",DBCS("."&$AE$3))&IF($AA10="","",DBCS("."&$AA10))&DBCS(" ")&$AB10)
D12: =IF($AA12="","",IF($AA$3="","",DBCS($AA$3))&IF($AC$3="","",DBCS("."&$AC$3))&IF($AE$3="","",DBCS("."&$AE$3))&IF($AA12="","",DBCS("."&$AA12))&DBCS(" ")&$AB12)
D14: =IF($AA14="","",IF($AA$3="","",DBCS($AA$3))&IF($AC$3="","",DBCS("."&$AC$3))&IF($AE$3="","",DBCS("."&$AE$3))&IF($AA14="","",DBCS("."&$AA14))&DBCS(" ")&$AB14)
D16: =IF($AA16="","",IF($AA$3="","",DBCS($AA$3))&IF($AC$3="","",DBCS("."&$AC$3))&IF($AE$3="","",DBCS("."&$AE$3))&IF($AA16="","",DBCS("."&$AA16))&DBCS(" ")&$AB16)
D18: =IF($AA18="","",IF($AA$3="","",DBCS($AA$3))&IF($AC$3="","",DBCS("."&$AC$3))&IF($AE$3="","",DBCS("."&$AE$3))&IF($AA18="","",DBCS("."&$AA18))&DBCS(" ")&$AB18)
D20: =IF($AA20="","",IF($AA$3="","",DBCS($AA$3))&IF($AC$3="","",DBCS("."&$AC$3))&IF($AE$3="","",DBCS("."&$AE$3))&IF($AA20="","",DBCS("."&$AA20))&DBCS(" ")&$AB20)
D22: =IF($AA22="","",IF($AA$3="","",DBCS($AA$3))&IF($AC$3="","",DBCS("."&$AC$3))&IF($AE$3="","",DBCS("."&$AE$3))&IF($AA22="","",DBCS("."&$AA22))&DBCS(" ")&$AB22)
D24: =IF($AA24="","",IF($AA$3="","",DBCS($AA$3))&IF($AC$3="","",DBCS("."&$AC$3))&IF($AE$3="","",DBCS("."&$AE$3))&IF($AA24="","",DBCS("."&$AA24))&DBCS(" ")&$AB24)
D26: =IF($AA26="","",IF($AA$3="","",DBCS($AA$3))&IF($AC$3="","",DBCS("."&$AC$3))&IF($AE$3="","",DBCS("."&$AE$3))&IF($AA26="","",DBCS("."&$AA26))&DBCS(" ")&$AB26)
D28: =IF($AA28="","",IF($AA$3="","",DBCS($AA$3))&IF($AC$3="","",DBCS("."&$AC$3))&IF($AE$3="","",DBCS("."&$AE$3))&IF($AA28="","",DBCS("."&$AA28))&DBCS(" ")&$AB28)
D30: =IF($AA30="","",IF($AA$3="","",DBCS($AA$3))&IF($AC$3="","",DBCS("."&$AC$3))&IF($AE$3="","",DBCS("."&$AE$3))&IF($AA30="","",DBCS("."&$AA30))&DBCS(" ")&$AB30)
D32: =IF($AA32="","",IF($AA$3="","",DBCS($AA$3))&IF($AC$3="","",DBCS("."&$AC$3))&IF($AE$3="","",DBCS("."&$AE$3))&IF($AA32="","",DBCS("."&$AA32))&DBCS(" ")&$AB32)
D34: =IF($AA34="","",IF($AA$3="","",DBCS($AA$3))&IF($AC$3="","",DBCS("."&$AC$3))&IF($AE$3="","",DBCS("."&$AE$3))&IF($AA34="","",DBCS("."&$AA34))&DBCS(" ")&$AB34)

Sheet 被災状況CSVV_1(ヘッダ)
A1: システム名 | I1: 章番号 | P1: 機能名 | Z1: Ｖｅｒ. | AC1: 1.0
A2: =目次!D1 -> 災対用ビル別情報マップ | I2: =目次!D2 -> 第５章 ファイル設計 | P2: =目次!A4 -> ５．２．１ 被災状況登録 | Z2: 作成日 | AC2: 42398 | AF2: 作成者 | AI2: 協和エクシオ
Z3: 更新日 | AF3: 更新者
A4: ファイル名 | E4: =目次!D8 -> ５．２．１．１ 被災状況CSV | P4: 出力形態 | T4: CSV
B6: 【1】項目定義 1/4
B8: № | C8: 項目名 | H8: 項目説明 | Q8: フォーマット | X8: 必須 | Z8: 属性 | AC8: 桁数 | AE8: 備考
C9: 【ヘッダーエリア①】 | Q9: ファイルの１行目に必ず設定する
B10: 1 | C10: 処理ユーザＩＤ名称 | H10: ヘッダエリア①の項目名称 | Q10: "処理ユーザＩＤ" | X10: － | Z10: － | AC10: －
B12: =B10+1 -> 2 | C12: 処理ユーザＩＤ | H12: CSV出力を処理したユーザのユーザＩＤ | Q12: － | X12: － | Z12: 半角英数記号 | AC12: 20
B14: =B12+1 -> 3 | C14: 出力日時名称 | H14: データエリアの項目名称 | Q14: "出力日時" | X14: － | Z14: － | AC14: －
B16: =B14+1 -> 4 | C16: 出力日時 | H16: CSV出力を処理した日時 | Q16: yyyy/mm/dd hh:mm | X16: - | Z16: 年月日時分 | AC16: 16
C18: 【ヘッダーエリア②】 | Q18: ファイルの２行目に必ず設定する
B19: 1 | C19: ="項目"&DBCS(B19)&"名称" -> 項目１名称 | H19: データエリアの項目名称 | Q19: "グループ名" | X19: ○ | Z19: － | AC19: －
B21: 2 | C21: ="項目"&DBCS(B21)&"名称" -> 項目２名称 | H21: データエリアの項目名称 | Q21: "会社名" | X21: ○ | Z21: － | AC21: －
B23: =B21+1 -> 3 | C23: ="項目"&DBCS(B23)&"名称" -> 項目３名称 | H23: データエリアの項目名称 | Q23: "組織名" | X23: ○ | Z23: － | AC23: －
B25: =B23+1 -> 4 | C25: ="項目"&DBCS(B25)&"名称" -> 項目４名称 | H25: データエリアの項目名称 | Q25: "ビルコード" | X25: ○ | Z25: － | AC25: －
B27: =B25+1 -> 5 | C27: ="項目"&DBCS(B27)&"名称" -> 項目５名称 | H27: データエリアの項目名称 | Q27: "ビル名" | X27: ○ | Z27: － | AC27: －
B29: =B27+1 -> 6 | C29: ="項目"&DBCS(B29)&"名称" -> 項目６名称 | H29: データエリアの項目名称 | Q29: "報告日時" | X29: ○ | Z29: － | AC29: －
B31: =B29+1 -> 7 | C31: ="項目"&DBCS(B31)&"名称" -> 項目７名称 | H31: データエリアの項目名称 | Q31: "報告者氏名" | X31: ○ | Z31: － | AC31: －
B33: =B31+1 -> 8 | C33: ="項目"&DBCS(B33)&"名称" -> 項目８名称 | H33: データエリアの項目名称 | Q33: "報告者電話番号" | X33: ○ | Z33: － | AC33: －
B35: =B33+1 -> 9 | C35: ="項目"&DBCS(B35)&"名称" -> 項目９名称 | H35: データエリアの項目名称 | Q35: "被災状況" | X35: ○ | Z35: － | AC35: －
B37: =B35+1 -> 10 | C37: ="項目"&DBCS(B37)&"名称" -> 項目１０名称 | H37: データエリアの項目名称 | Q37: "被災状況メモ" | X37: ○ | Z37: － | AC37: －
B42: 【1】項目定義 2/4
B44: № | C44: 項目名 | H44: 項目説明 | Q44: フォーマット | X44: 必須 | Z44: 属性 | AC44: 桁数 | AE44: 備考
B45: =B37+1 -> 11 | C45: ="項目"&DBCS(B45)&"名称" -> 項目１１名称 | H45: データエリアの項目名称 | Q45: "電気" | X45: ○ | Z45: － | AC45: －
B47: =B45+1 -> 12 | C47: ="項目"&DBCS(B47)&"名称" -> 項目１２名称 | H47: データエリアの項目名称 | Q47: "ガス" | X47: ○ | Z47: － | AC47: －
B49: =B47+1 -> 13 | C49: ="項目"&DBCS(B49)&"名称" -> 項目１３名称 | H49: データエリアの項目名称 | Q49: "水道" | X49: ○ | Z49: － | AC49: －
B51: =B49+1 -> 14 | C51: ="項目"&DBCS(B51)&"名称" -> 項目１４名称 | H51: データエリアの項目名称 | Q51: "通話・通信" | X51: ○ | Z51: － | AC51: －
B53: =B51+1 -> 15 | C53: ="項目"&DBCS(B53)&"名称" -> 項目１５名称 | H53: データエリアの項目名称 | Q53: "備考" | X53: ○ | Z53: － | AC53: －
B55: =B53+1 -> 16 | C55: ="項目"&DBCS(B55)&"名称" -> 項目１６名称 | H55: データエリアの項目名称 | Q55: "登録日時" | X55: ○ | Z55: － | AC55: －
B57: =B55+1 -> 17 | C57: ="項目"&DBCS(B57)&"名称" -> 項目１７名称 | H57: データエリアの項目名称 | Q57: "最終更新日時" | X57: ○ | Z57: － | AC57: －

Sheet 被災状況CSV_1(データ)
A1: システム名 | I1: 章番号 | P1: 機能名 | Z1: Ｖｅｒ. | AC1: 1.0
A2: =目次!D1 -> 災対用ビル別情報マップ | I2: =目次!D2 -> 第５章 ファイル設計 | P2: =目次!A4 -> ５．２．１ 被災状況登録 | Z2: 作成日 | AC2: 42398 | AF2: 作成者 | AI2: 協和エクシオ
Z3: 更新日 | AF3: 更新者
A4: ファイル名 | E4: =目次!D8 -> ５．２．１．１ 被災状況CSV | P4: 出力形態 | T4: CSV
B6: 【1】項目定義 3/4
B8: № | C8: 項目名 | H8: 項目説明 | Q8: フォーマット | X8: 必須 | Z8: 属性 | AC8: 桁数 | AE8: 備考
C9: 【データエリア】 | Q9: データ数により動的に行を追加
B10: 1 | C10: グループ名 | H10: システムに登録されている組織名 | Q10: － | X10: ○ | Z10: 全半角 | AC10: 最大50 | AE10: （※１）
B12: 2 | C12: 会社名 | H12: システムに登録されている組織名 | Q12: － | X12: ○ | Z12: 全半角 | AC12: 最大50 | AE12: （※１）
B14: =B12+1 -> 3 | C14: 組織名 | H14: システムに登録されているビルコード | Q14: 0000 | X14: ○ | Z14: 数字 | AC14: 最大50
B16: =B14+1 -> 4 | C16: ビルコード | H16: システムに登録されているビル名 | Q16: － | X16: － | Z16: 全半角 | AC16: 4
B18: =B16+1 -> 5 | C18: ビル名 | H18: システムに登録されている会社名 | Q18: － | X18: ○ | Z18: 全半角 | AC18: 最大50 | AE18: 当項目の値は被災状況CSV登録処理では無視する
B20: =B18+1 -> 6 | C20: 報告日時 | H20: 被災状況の報告日時 | Q20: yyyy/mm/dd yyyy/mm/dd hh:mm | X20: － | Z20: 年月日時分 | AC20: 最大16 | AE20: 年月日のみも許容 未記入の場合は登録日時を設定
B22: =B20+1 -> 7 | C22: 報告者氏名 | H22: 被災状況の報告者氏名 | Q22: － | X22: － | Z22: 全半角 | AC22: 最大15 | AE22: 未記入の場合はシステム利用者の氏名を設定
B24: =B22+1 -> 8 | C24: 報告者電話番号 | H24: 被災状況の報告者電話番号 | Q24: － | X24: － | Z24: 半角英数記号 | AC24: 最大13 | AE24: 半角ハイフン付きも許容
B26: =B24+1 -> 9 | C26: 被災状況 | H26: 被災の状況 | Q26: "被災あり" "被災なし" "報告なし" | X26: ○ | Z26: 全半角 | AC26: 4
B29: =B26+1 -> 10 | C29: 被災状況メモ | H29: 被災状況のメモ | Q29: － | X29: － | Z29: 全半角 | AC29: 最大400
B31: =B29+1 -> 11 | C31: 電気 | H31: 設備（電気）の状態 | Q31: "使用不可" "使用可" | X31: ○ | Z31: 全半角 | AC31: 最大4
B33: =B31+1 -> 12 | C33: ガス | H33: 設備（ガス）の状態 | Q33: "使用不可" "使用可" | X33: ○ | Z33: 全半角 | AC33: 最大4
B35: =B33+1 -> 13 | C35: 水道 | H35: 設備（水道）の状態 | Q35: "使用不可" "使用可" | X35: ○ | Z35: 全半角 | AC35: 最大4
B37: =B35+1 -> 14 | C37: 通話・通信 | H37: 設備（通話・通信）の状態 | Q37: "使用不可" "使用可" | X37: ○ | Z37: 全半角 | AC37: 最大4
AK39: ※１：被災状況CSV登録処理では、実行時に選択した組織名と相違するグループのレコードは処理されない。
B42: 【1】項目定義 4/4
B44: № | C44: 項目名 | H44: 項目説明 | Q44: フォーマット | X44: 必須 | Z44: 属性 | AC44: 桁数 | AE44: 備考
B45: =B37+1 -> 15 | C45: 備考 | H45: 備考 | Q45: － | X45: － | Z45: 全半角 | AC45: 最大400
B47: =B45+1 -> 16 | C47: 登録日時 | H47: 被災状況の登録を処理した日時 | Q47: yyyy/mm/dd hh:mm | X47: - | Z47: 年月日時分 | AC47: 16 | AE47: 当項目の値は被災状況CSV登録処理では無視する
B49: =B47+1 -> 17 | C49: 最終更新日時 | H49: 被災状況を最後に更新処理した日時 | Q49: yyyy/mm/dd hh:mm | X49: - | Z49: 年月日時分 | AC49: 16 | AE49: 当項目の値は被災状況CSV登録処理では無視する

Sheet 被災状況CSV_2
A1: システム名 | I1: 章番号 | P1: 機能名 | Z1: Ｖｅｒ. | AC1: 1.0
A2: =目次!D1 -> 災対用ビル別情報マップ | I2: =目次!D2 -> 第５章 ファイル設計 | P2: =目次!A4 -> ５．２．１ 被災状況登録 | Z2: 作成日 | AC2: 42398 | AF2: 作成者 | AI2: 協和エクシオ
Z3: 更新日 | AF3: 更新者
A4: ファイル名 | E4: =目次!D8 -> ５．２．１．１ 被災状況CSV | P4: 出力形態 | T4: CSV
B6: 【2】ソート条件 1/1
B8: ①規定での出力ソート順序
B9: ソート順序 | G9: 項目名 | P9: 昇順/降順 | W9: 備考
B10: 1 | G10: 被災状況 | P10: ※１ | W10: ※１ 被災あり、被災なし、報告なしの順
B11: 2 | G11: グループコード | P11: 昇順
B12: 3 | G12: ビルコード | P12: 昇順
B13: 4 | G13: 会社ＩＤ | P13: 昇順
B15: ②画面指定での出力ソート順序
B16: ソート順序 | G16: 項目名 | P16: 昇順/降順 | W16: 備考
B17: 1 | G17: 被災状況 | P17: ※１ | W17: 被災状況一覧のソート指定に準拠する ※１ 昇順：被災あり、被災なし、報告なしの順 降順：報告なし、被災なし、被災ありの順
B21: 2 | G21: グループコード | P21: 昇順
B22: 3 | G22: ビルコード | P22: 昇順
B23: 4 | G23: 会社ＩＤ | P23: 昇順
B26: 【3】出力元機能 1/1
B28: № | C28: 機能名 | K28: 画面名称
B29: 1 | C29: 被災状況登録 | K29: 被災状況一覧
S30: ※出力には被災状況履歴は含まない。
