Workbook

Sheet 目次
A1: システム名 | D1: 備蓄品管理システム | T1: Ｖｅｒ. | V1: 1.0 | AA1: 章 | AC1: 節 | AE1: 項
A2: 章番号 | D2: ="第"&DBCS($AA$3)&"章 "&AB3 -> 第３章 機能設計 | T2: 作成日 | V2: 2016/1/29 | AA2: 番 | AB2: 章分類 | AC2: 番 | AD2: 節分類 | AE2: 番 | AF2: 機能名
A3: 機能名 | T3: 作成者 | V3: 協和エクシオ | AA3: 3 | AB3: 機能設計 | AC3: 1 | AD3: 機能詳細 | AE3: 4 | AF3: 被災状況登録
A4: =IF($AA$3="","",DBCS($AA$3))&IF($AC$3="","",DBCS("."&$AC$3))&IF($AE$3="","",DBCS("."&$AE$3))&DBCS(" ")&$AF$3 -> ３．１．４ 被災状況登録 | T4: 更新日
T5: 更新者
AA6: 段
AA7: 番 | AB7: 処理名
D8: =IF($AA8="","",IF($AA$3="","",DBCS($AA$3))&IF($AC$3="","",DBCS("."&$AC$3))&IF($AE$3="","",DBCS("."&$AE$3))&IF($AA8="","",DBCS("."&$AA8))&DBCS(" ")&$AB8) -> ３．１．４．１ 被災状況一覧 | AA8: 1 | AB8: 被災状況一覧
D10: =IF($AA10="","",IF($AA$3="","",DBCS($AA$3))&IF($AC$3="","",DBCS("."&$AC$3))&IF($AE$3="","",DBCS("."&$AE$3))&IF($AA10="","",DBCS("."&$AA10))&DBCS(" ")&$AB10) -> ３．１．４．２ 被災状況登録 | AA10: 2 | AB10: 被災状況登録
D12: =IF($AA12="","",IF($AA$3="","",DBCS($AA$3))&IF($AC$3="","",DBCS("."&$AC$3))&IF($AE$3="","",DBCS("."&$AE$3))&IF($AA12="","",DBCS("."&$AA12))&DBCS(" ")&$AB12) -> ３．１．４．３ 被災状況詳細 | AA12: 3 | AB12: 被災状況詳細
D14: =IF($AA14="","",IF($AA$3="","",DBCS($AA$3))&IF($AC$3="","",DBCS("."&$AC$3))&IF($AE$3="","",DBCS("."&$AE$3))&IF($AA14="","",DBCS("."&$AA14))&DBCS(" ")&$AB14) -> ３．１．４．４ 被災状況修正 | AA14: 4 | AB14: 被災状況修正
D16: =IF($AA16="","",IF($AA$3="","",DBCS($AA$3))&IF($AC$3="","",DBCS("."&$AC$3))&IF($AE$3="","",DBCS("."&$AE$3))&IF($AA16="","",DBCS("."&$AA16))&DBCS(" ")&$AB16) -> ３．１．４．５ 被災状況履歴 | AA16: 5 | AB16: 被災状況履歴
D18: =IF($AA18="","",IF($AA$3="","",DBCS($AA$3))&IF($AC$3="","",DBCS("."&$AC$3))&IF($AE$3="","",DBCS("."&$AE$3))&IF($AA18="","",DBCS("."&$AA18))&DBCS(" ")&$AB18) -> ３．１．４．６ 被災状況追加報告 | AA18: 6 | AB18: 被災状況追加報告
D20: =IF($AA20="","",IF($AA$3="","",DBCS($AA$3))&IF($AC$3="","",DBCS("."&$AC$3))&IF($AE$3="","",DBCS("."&$AE$3))&IF($AA20="","",DBCS("."&$AA20))&DBCS(" ")&$AB20) -> ３．１．４．７ 被災状況CSV登録 | AA20: 7 | AB20: 被災状況CSV登録
D22: =IF($AA22="","",IF($AA$3="","",DBCS($AA$3))&IF($AC$3="","",DBCS("."&$AC$3))&IF($AE$3="","",DBCS("."&$AE$3))&IF($AA22="","",DBCS("."&$AA22))&DBCS(" ")&$AB22)
D24: =IF($AA24="","",IF($AA$3="","",DBCS($AA$3))&IF($AC$3="","",DBCS("."&$AC$3))&IF($AE$3="","",DBCS("."&$AE$3))&IF($AA24="","",DBCS("."&$AA24))&DBCS(" ")&$AB24)
D26: =IF($AA26="","",IF($AA$3="","",DBCS($AA$3))&IF($AC$3="","",DBCS("."&$AC$3))&IF($AE$3="","",DBCS("."&$AE$3))&IF($AA26="","",DBCS("."&$AA26))&DBCS(" ")&$AB26)
D28: =IF($AA28="","",IF($AA$3="","",DBCS($AA$3))&IF($AC$3="","",DBCS("."&$AC$3))&IF($AE$3="","",DBCS("."&$AE$3))&IF($AA28="","",DBCS("."&$AA28))&DBCS(" ")&$AB28)
D30: =IF($AA30="","",IF($AA$3="","",DBCS($AA$3))&IF($AC$3="","",DBCS("."&$AC$3))&IF($AE$3="","",DBCS("."&$AE$3))&IF($AA30="","",DBCS("."&$AA30))&DBCS(" ")&$AB30)
D32: =IF($AA32="","",IF($AA$3="","",DBCS($AA$3))&IF($AC$3="","",DBCS("."&$AC$3))&IF($AE$3="","",DBCS("."&$AE$3))&IF($AA32="","",DBCS("."&$AA32))&DBCS(" ")&$AB32)
D34: =IF($AA34="","",IF($AA$3="","",DBCS($AA$3))&IF($AC$3="","",DBCS("."&$AC$3))&IF($AE$3="","",DBCS("."&$AE$3))&IF($AA34="","",DBCS("."&$AA34))&DBCS(" ")&$AB34)

Sheet 被災状況一覧
A1: システム名 | D1: =目次!D1 -> 備蓄品管理システム | T1: Ｖｅｒ. | V1: 1.0
A2: =目次!A2 -> 章番号 | D2: =目次!D2 -> 第３章 機能設計 | T2: 作成日 | V2: 42398
A3: =目次!A3 -> 機能名 | T3: 作成者 | V3: 協和エクシオ
A4: =目次!A4 -> ３．１．４ 被災状況登録 | T4: 更新日
T5: 更新者
A6: 画面名 | D6: =目次!D8 -> ３．１．４．１ 被災状況一覧 | O6: ＩＤ
B8: 【1】イベント 1/6
B10: № | C10: 項目名 | I10: トリガー
C11: 処理内容
B12: 1 | C12: ― | I12: 初期表示
C13: ＜1.1 前提条件＞
D14: 1.1.1 | E14: 地図画面より遷移する。
D15: 1.1.2 | E15: 被災状況登録画面より遷移する。
D16: 1.1.3 | E16: 被災状況詳細画面より遷移する。
D17: 1.1.4 | E17: 被災状況CSV登録画面より遷移する。
D18: 1.1.5 | E18: 各画面のメニューバーから遷移する。
C20: ＜1.2 初期処理＞
D21: 1.2.1 | E21: 画面入力項目を初期化する。
D22: 1.2.2 | E22: メッセージエリアを初期化する。
D23: 1.2.3 | E23: ヘッダーバーを初期化する。
F24: ・ ログイン中ユーザのユーザ名と組織名１をDBから取得する。
F25: ・ ユーザ名をヘッダー文言①に、組織名１をヘッダー文言②に表示する。
D26: 1.2.4 | E26: 災害名プルダウンを、DBに登録された未削除の災害情報から生成する。
F27: ・ 災害発生日時／災害IDの降順でソートする。
F28: ・ 初期値として、地図画面で表示中の災害名を表示する。
D29: 1.2.5 | E29: グループ名プルダウンの生成方法を「2.3.2 共通権限」の2.1を参照する。
F30: ・ 初期値として”--選択してください--”を選択状態にする。
D31: 1.2.6 | E31: 会社名プルダウンの生成方法を「2.3.2 共通権限」の2.1を参照する。
F32: ・ 初期値として”--選択してください--”を選択状態にする。
D33: 1.2.7 | E33: 組織名プルダウンの生成方法を「2.3.2 共通権限」の2.1を参照する。
F34: ・ 初期値として”--選択してください--”を選択状態にする。
D35: 1.2.8 | E35: ビル名プルダウンの生成方法を「2.3.2 共通権限」の2.1を参照する。
F36: ・ 初期値として”--選択してください--”を選択状態にする。
B43: 【1】イベント 2/6
B45: № | C45: 項目名 | I45: トリガー
C46: 処理内容
B47: 1 | D47: 1.2.9 | E47: 災害名プルダウンが”未選択”状態の場合、以下の処理を行い、処理を抜ける。
F48: ・ 災害名未選択メッセージを、メッセージエリアに表示する。（ED0006）
G49: 「災害名が選択されていません。」
F50: ・ 被災状況情報件数０件を、ヘッダー文言③に表示する。
F51: ・ ページ遷移リンクを非活性にする。
D52: 1.2.10 | E52: 検索エリアの初期値の条件で、未削除のビルデータ一覧を全て抽出する。
F53: ・ 検索項目が未入力の項目は、該当項目について全件検索とする。
F54: ※組織名プルダウンに設定されていない組織のビルデータ情報を除く。
F55: 検索項目 | L55: 検索条件
F56: グループ名 | L56: 完全一致検索。
F57: 会社名 | L57: 完全一致検索。
F58: 組織名 | L58: 完全一致検索。
F59: ビル名 | L59: 完全一致検索。
D61: 1.2.11 | E61: 検索エリアの初期値の条件で、未削除の被災状況一覧を全て抽出する。
F62: ・ 検索項目が未入力の項目は、該当項目について全件検索とする。
F63: ※組織名プルダウンに設定されていない組織の被災状況情報を除く。
F64: 検索項目 | L64: 検索条件
F65: 災害名 | L65: 完全一致検索。
F66: グループ名 | L66: 完全一致検索。
F67: 会社名 | L67: 完全一致検索。
F68: 組織名 | L68: 完全一致検索。
F69: ビル名 | L69: 完全一致検索。
D71: 1.2.12 | E71: 被災状況一覧（出力用）を生成する。
F72: ・ 抽出したビルデータ情報、および被災状況情報をマージして、
F73: 被災状況一覧（出力用）を生成する。被災状況情報が未登録のビルに関しては、
F74: 被災状況の【報告なし】データとして一覧を生成する。
D75: 1.2.13 | E75: 処理(1.2.12)で生成した一覧から、検索エリアの初期値の条件で、
E76: 被災状況一覧（出力用）を再生成する。
F77: ・ 以下の検索条件全てが未選択の場合は、該当項目について全件検索とする。
F78: 検索項目 | L78: 検索条件
F79: 被災状況 | L79: 選択されている状況を検索。
D81: 1.2.14 | E81: 生成した被災状況一覧（出力用）の件数を、ヘッダー文言③に表示する。
D82: 1.2.15 | E82: 生成した被災状況一覧を（出力用）、被災状況一覧エリアに表示する。
F83: ・ 以下のソート項目で並び替えした後に初期表示する。
F84: ソート項目 | L84: ソート順
F85: 被災状況 | L85: 被災あり ＞ 被害想定あり ＞ 被災なし ＞ 報告なし
F86: 組織コード | L86: 昇順
F87: ビルコード | L87: 昇順
F88: 会社ID | L88: 昇順
F89: ・ 結果がゼロ件の場合、下記項目を非活性にする。
G90: ・ ページ遷移リンク
D91: 1.2.16 | E91: ページ遷移リンクの設定。
F92: ・ 次ページがある場合は、次ページリンクを設定する。
F93: ・ 前ページのリンクは、テキストの表示のみとする。
B97: 【1】イベント 3/6
B99: № | C99: 項目名 | I99: トリガー
C100: 処理内容
B101: 2 | C101: 検索ボタン | I101: 押下時
C102: ＜2.1 前提条件＞
D103: 2.1.1 | E103: 検索ボタンを押下する。
C105: ＜2.2 一覧検索処理＞
D106: 2.2.1 | E106: 必須入力チェック
F107: ・ チェック内容は、【２】の必須入力チェックを参照。
D108: 2.2.2 | E108: 検索エリアの各入力欄のAND条件で、未削除のビルデータ一覧を全て抽出する。
F109: ・ 検索項目で未入力を指定した項目は、該当項目について全件検索とする。
F110: ※組織名プルダウンに設定されていない組織のビルデータ情報を除く。
F111: 検索項目 | L111: 検索条件
F112: 組織名 | L112: 完全一致検索。
F113: ビル名 | L113: 完全一致検索。
F114: 会社名 | L114: 完全一致検索。
F115: グループ名 | L115: 完全一致検索。
D117: 2.2.3 | E117: 検索エリアの各入力欄のAND条件で、未削除の被災状況一覧を抽出する。
F118: ・ 検索項目で未入力を指定した項目は、該当項目について全件検索とする。
F119: ※組織名プルダウンに設定されていない組織の被災状況情報を除く。
...

Sheet 被災状況登録
A1: システム名 | D1: =目次!D1 -> 備蓄品管理システム | T1: Ｖｅｒ. | V1: 1.0
A2: =目次!A2 -> 章番号 | D2: =目次!D2 -> 第３章 機能設計 | T2: 作成日 | V2: 42398
A3: =目次!A3 -> 機能名 | T3: 作成者 | V3: 協和エクシオ
A4: =目次!A4 -> ３．１．４ 被災状況登録 | T4: 更新日
T5: 更新者
A6: 画面名 | D6: =目次!D10 -> ３．１．４．２ 被災状況登録 | O6: ＩＤ
B8: 【1】イベント 1/4
B10: № | C10: 項目名 | I10: トリガー
C11: 処理内容
B12: 1 | C12: ― | I12: 初期表示
C13: ＜1.1 前提条件＞
D14: 1.1.1 | E14: 被災状況一覧画面より遷移する。
C16: ＜1.2 初期処理＞
D17: 1.2.1 | E17: 画面入力項目を初期化する。
D18: 1.2.2 | E18: メッセージエリアを初期化する。
D19: 1.2.3 | E19: ヘッダーバーを初期化する。
F20: ・ ログイン中ユーザのユーザ名と組織名１をDBから取得する。
F21: ・ ユーザ名をヘッダー文言①に、組織名１をヘッダー文言②に表示する。
D22: 1.2.4 | E22: 災害名プルダウンを、DBに登録された未削除の災害情報から生成する。
F23: ・ 災害発生日時／災害IDの降順でソートする。
F24: ・ 初期値として、被災状況一覧画面で表示中の災害名を表示する。
D25: 1.2.10 | E25: グループ名プルダウンの生成方法を「2.3.2 共通権限」の2.2を参照する。
F26: ・ 初期値として”--選択してください--”を選択状態にする。
D27: 1.2.5 | E27: 会社名プルダウンの生成方法を「2.3.2 共通権限」の2.2を参照する。
F28: ・ 初期値として”--選択してください--”を選択状態にする。
D29: 1.2.6 | E29: 組織名プルダウンの生成方法を「2.3.2 共通権限」の2.2を参照する。
F30: ・ 初期値として”--選択してください--”を選択状態にする。
D31: 1.2.7 | E31: ビル名プルダウンの生成方法を「2.3.2 共通権限」の2.2を参照する。
F32: ・ 初期値として”--選択してください--”を選択状態にする。
B43: 【1】イベント 2/4
B45: № | C45: 項目名 | I45: トリガー
C46: 処理内容
D47: 1.2.8 | E47: ラジオボタンの初期値を設定する。
E48: 下記ラジオボタン項目について初期値として"被災なし"を選択状態にする。
F49: ・ 被災状況
E50: ・ 下記ラジオボタン項目について初期値として"使用可"を選択状態にする。
F51: ・ 電気／ガス／水道／通話・通信
D52: 1.2.9 | E52: 報告日時欄に（システム日付 + 00時00分）をセットする。
D53: 1.2.10 | E53: 報告者氏名にログイン中ユーザのユーザ名をセットする。
B55: 2 | C55: クリアボタン | I55: 押下時
C56: ＜2.1 前提条件＞
D57: 2.1.1 | E57: クリアボタンを押下する。
C59: ＜2.2 クリア処理＞
D60: 2.2.1 | E60: 確認ダイアログを表示する。（NA0001）
E61: 「入力情報をクリアします。よろしいですか？」OK・キャンセル
F62: OK押下： 次の処理（2.2.2）へ進む。
F63: キャンセル押下： 処理を抜ける。
D64: 2.2.2 | E64: すべての入力（プルダウン、ラジオボタン含む）項目を初期表示時の状態に戻す。
D65: 2.2.3 | E65: メッセージエリアを初期化する。
B67: 3 | C67: グループ名プルダウン | I67: 選択時
C68: ＜3.1 前提条件＞
D69: 3.1.1 | E69: グループ名を選択（変更）する。
C71: ＜3.2 会社名プルダウン初期化処理＞
D72: 3.2.1 | E72: グループ名プルダウンにて選択された、グループ名に該当するグループコードを取得する。
D73: 3.2.2 | E73: 会社名のグループコードに紐づく、会社データ情報を全て抽出する。
D74: 3.2.3 | E74: 会社名プルダウンを、抽出した会社情報から再生成する。
E75: ・ 会社コードが重複するデータは除外する。
E76: ・ 会社コードの昇順でソートする。
E77: ・ 初期値として”--選択してください--”を選択状態にする。
B80: 4 | C80: 会社名プルダウン | I80: 選択時
C81: ＜4.1 前提条件＞
D82: 4.1.1 | E82: 会社名を選択（変更）する。
C84: ＜4.2 組織名プルダウン初期化処理＞
D85: 4.2.1 | E85: 会社名プルダウンにて選択された、会社名に該当する会社コードを取得する。
D86: 4.2.2 | E86: 組織名の会社コードに紐づく、組織データ情報を全て抽出する。
D87: 4.2.3 | E87: 会社名プルダウンを、抽出した会社情報から再生成する。
E88: ・ 組織コードが重複するデータは除外する。
E89: ・ 組織コードの昇順でソートする。
E90: ・ 初期値として”--選択してください--”を選択状態にする。
B96: 【1】イベント 3/4
B98: № | C98: 項目名 | I98: トリガー
C99: 処理内容
B100: 5 | C100: 組織名プルダウン | I100: 選択時
C101: ＜5.1 前提条件＞
D102: 5.1.1 | E102: 組織名プルダウンのビル名を選択（変更）する。
C104: ＜5.2 ビル名プルダウン絞込み処理＞
D105: 5.2.1 | E105: 組織名プルダウンにて指定された、組織名に該当する組織コードを取得する。
D106: 5.2.3 | E106: DBに登録された未削除のビルデータ情報から、組織コードに紐づく、
E107: ビルデータ情報を全て抽出する。
D108: 5.2.4 | E108: ビル名プルダウンを、抽出したビルデータ情報から再生成する。
F109: ・ ビルCDが重複するデータは除外する。
F110: ・ ビルCDの昇順でソートする。
F111: ・ 初期値として”--選択してください--”を選択状態にする。
B113: 6 | C113: 登録ボタン | I113: 押下時
C114: ＜6.1 前提条件＞
D115: 6.1.1 | E115: 登録ボタンを押下する。
C117: ＜6.2 登録確定処理＞
D118: 6.2.1 | E118: 登録確認ダイアログを表示する。（ND0001）
F119: 「被災状況情報を登録します。よろしいですか？」OK・キャンセル
G120: OK押下： 次の処理（5.2.2）へ進む。
G121: キャンセル押下： 処理を抜ける。
D122: 6.2.2 | E122: 必須入力チェック
F123: ・ チェック内容は、【２】の必須入力チェックを参照。
D124: 6.2.3 | E124: 文字数チェック
F125: ・ チェック内容は、【２】の文字数チェックを参照。
D126: 6.2.4 | E126: 属性チェック
F127: ・ チェック内容は、【２】の属性チェックを参照。
F128: ・ 未入力の場合、チェックしない。
D129: 6.2.5 | E129: 一意チェック
F130: ・ チェック内容は、【２】の一意チェックを参照。
...

Sheet 被災状況詳細
A1: システム名 | D1: =目次!D1 -> 備蓄品管理システム | T1: Ｖｅｒ. | V1: 1.0
A2: =目次!A2 -> 章番号 | D2: =目次!D2 -> 第３章 機能設計 | T2: 作成日 | V2: 42398
A3: =目次!A3 -> 機能名 | T3: 作成者 | V3: 協和エクシオ
A4: =目次!A4 -> ３．１．４ 被災状況登録 | T4: 更新日
T5: 更新者
A6: 画面名 | D6: =目次!D12 -> ３．１．４．３ 被災状況詳細 | O6: ＩＤ
B8: 【1】イベント 1/2
B10: № | C10: 項目名 | I10: トリガー
C11: 処理内容
B12: 1 | C12: ― | I12: 初期表示
C13: ＜1.1 前提条件＞
D14: 1.1.1 | E14: 被災状況一覧画面より遷移する。
D15: 1.1.2 | E15: 被災状況登録画面より遷移する。
D16: 1.1.3 | E16: 被災状況修正画面より遷移する。
D17: 1.1.4 | E17: 被災状況履歴画面より遷移する。
D18: 1.1.5 | E18: 被災状況追加報告画面より遷移する。
C20: ＜1.2 初期処理＞
D21: 1.2.1 | E21: ヘッダーバーを初期化する。
F22: ・ ログイン中ユーザのユーザ名と組織名１をDBから取得する。
F23: ・ ユーザ名をヘッダー文言①に、組織名１をヘッダー文言②に表示する。
D24: 1.2.2 | E24: 前画面にて指定された行の被災状況情報を抽出する。
D25: 1.2.3 | E25: DBに登録された未削除の災害情報から、災害IDに紐づく、災害情報を抽出する。
D26: 1.2.4 | E26: DBに登録された未削除のビルデータ情報から、
E27: 組織コード／ビルコード／会社IDに紐づく、ビルデータ情報を抽出する。
D28: 1.2.5 | E28: 修正ボタン、追加報告ボタン、削除ボタンの表示／非表示の切り替えを、
E29: ログイン中ユーザの権限（ユーザレベル）に従って行う。
D31: 1.2.6 | E31: 抽出したビルデータ情報のビル名を、ヘッダー文言③に表示する。
D32: 1.2.7 | E32: 抽出した災害情報／ビルデータ情報／被災状況情報を被災状況詳細エリアに表示する。
D33: 1.2.8 | E33: DBに過去の報告履歴が存在する場合、被災状況履歴画面リンクを表示する。
F34: ”第” + 報告回数 + ”回 ” + 報告日時
B36: 2 | C36: 修正ボタン | I36: クリック時
C37: ＜2.1 前提条件＞
D38: 2.1.1 | E38: 修正ボタンを押下する。
C40: ＜2.2 画面遷移処理＞
D41: 2.2.1 | E41: 指定した被災状況情報の被災状況修正画面へ遷移する。
B43: 3 | C43: 追加報告ボタン | I43: クリック時
C44: ＜3.1 前提条件＞
D45: 3.1.1 | E45: 追加報告ボタンを押下する。
C47: ＜3.2 画面遷移処理＞
D48: 3.2.1 | E48: 指定した被災状況情報の被災状況追加報告画面へ遷移する。
B52: 【1】イベント 2/2
B54: № | C54: 項目名 | I54: トリガー
C55: 処理内容
B56: 4 | C56: 削除ボタン | I56: クリック時
C57: ＜4.1 前提条件＞
D58: 4.1.1 | E58: 削除ボタンを押下する。
C60: ＜4.2 削除確定処理＞
D61: 4.2.1 | E61: 削除確認ダイアログを表示する。（ND0003）
F62: 「被災状況情報を報告履歴を含めて削除します。よろしいですか？」OK・キャンセル
G63: OK押下： 次の処理（4.2.2）へ進む。
G64: キャンセル押下： 処理を抜ける。
D65: 4.2.2 | E65: 排他チェック
F66: ・ チェック内容は、【２】の排他チェックを参照。
D67: 4.2.3 | E67: 削除更新処理を行う。（履歴も含めて全て削除）
D68: 4.2.4 | E68: 完了を被災状況一覧画面のメッセージエリアに表示する。（ND0004）
F69: 「被災状況情報を削除しました。」
D70: 4.2.5 | E70: 被災状況一覧画面に遷移する。
B72: 5 | C72: 前に戻るボタン | I72: クリック時
C73: ＜5.1 前提条件＞
D74: 5.1.1 | E74: 前に戻るボタンを押す。
C76: ＜5.2 戻る処理＞
D77: 5.2.1 | E77: 前画面に戻る。
B97: 【2】チェック処理 1/1
B99: № | C99: 名称 | H99: ＯＫとなる条件
H100: エラーの条件 | P100: エラーメッセージ | S100: 表示場所
B101: 1 | C101: 排他チェック | H101: 表示中の被災状況情報が最新であること。
H103: 上記条件を満たさない。 | P103: EA0013 | S103: 被災状況一覧画面のメッセージエリア
B105: ※１ エラーメッセージについては、「メッセージ一覧」を参照のこと。
B106: ※２ エラーメッセージの表示場所については、「標準化設計」を参照のこと。

Sheet 被災状況修正
A1: システム名 | D1: =目次!D1 -> 備蓄品管理システム | T1: Ｖｅｒ. | V1: 1.0
A2: =目次!A2 -> 章番号 | D2: =目次!D2 -> 第３章 機能設計 | T2: 作成日 | V2: 42398
A3: =目次!A3 -> 機能名 | T3: 作成者 | V3: 協和エクシオ
A4: =目次!A4 -> ３．１．４ 被災状況登録 | T4: 更新日
T5: 更新者
A6: 画面名 | D6: =目次!D14 -> ３．１．４．４ 被災状況修正 | O6: ＩＤ
B8: 【1】イベント 1/2
B10: № | C10: 項目名 | I10: トリガー
C11: 処理内容
B12: 1 | C12: ― | I12: 初期表示
C13: ＜1.1 前提条件＞
D14: 1.1.1 | E14: 被災状況詳細画面より遷移する。
C16: ＜1.2 初期処理＞
D17: 1.2.1 | E17: 画面入力項目を初期化する。
D18: 1.2.2 | E18: メッセージエリアを初期化する。
D19: 1.2.3 | E19: ヘッダーバーを初期化する。
F20: ・ ログイン中ユーザのユーザ名と組織名１をDBから取得する。
F21: ・ ユーザ名をヘッダー文言①に、組織名１をヘッダー文言②に表示する。
D22: 1.2.4 | E22: 前画面にて指定された災害ID／グループコード／会社コード／組織コード／ビルコード／
E23: 報告回数から、被災状況情報を抽出する。
D24: 1.2.5 | E24: DBに登録された未削除の災害情報から、災害IDに紐づく、災害情報を抽出する。
D25: 1.2.6 | E25: DBに登録された未削除のビルデータ情報から、
E26: 組織コード／ビルコード／会社IDに紐づく、ビルデータ情報を抽出する。
D27: 1.2.7 | E27: 抽出したビルデータ情報のビル名を、ヘッダー文言③に表示する。
D28: 1.2.8 | E28: 抽出した災害情報／ビルデータ情報／被災状況情報を、
E29: 被災状況修正エリアに初期表示する。
B31: 2 | C31: クリアボタン | I31: 押下時
C32: ＜2.1 前提条件＞
D33: 2.1.1 | E33: クリアボタンを押下する。
C35: ＜2.2 クリア処理＞
D36: 2.2.1 | E36: 確認ダイアログを表示する。（NA0001)
E37: 「入力情報をクリアします。よろしいですか？」OK・キャンセル
F38: OK押下： 次の処理（2.2.2）へ進む。
F39: キャンセル押下： 処理を抜ける。
D40: 2.2.2 | E40: すべての入力（プルダウン、ラジオボタン含む）項目を初期表示時の状態に戻す。
D41: 2.2.3 | E41: メッセージエリアを初期化する。
B60: 【1】イベント 2/2
B62: № | C62: 項目名 | I62: トリガー
C63: 処理内容
B64: 3 | C64: 登録ボタン | I64: 押下時
C65: ＜3.1 前提条件＞
D66: 3.1.1 | E66: 登録ボタンを押下する。
C68: ＜3.2 登録確定処理＞
D69: 3.2.1 | E69: 確認ダイアログを表示する。（ND0002）
F70: 「被災状況情報を修正します。よろしいですか？」OK・キャンセル
G71: OK押下： 次の処理（3.2.2）へ進む。
G72: キャンセル押下： 処理を抜ける。
D73: 3.2.2 | E73: 必須入力チェック
F74: ・ チェック内容は、【２】の必須入力チェックを参照。
D75: 3.2.3 | E75: 文字数チェック
F76: ・ チェック内容は、【２】の文字数チェックを参照。
D77: 3.2.4 | E77: 属性チェック
F78: ・ チェック内容は、【２】の属性チェックを参照。
D79: 3.2.5 | E79: 一意チェック
F80: ・ チェック内容は、【２】の一意チェックを参照。
D81: 3.2.6 | E81: 有効年月日時分チェック
F82: ・ チェック内容は、【２】の有効年月日時分チェックを参照。
D83: 3.2.7 | E83: 災害情報有無チェック
F84: ・ チェック内容は、【２】の災害情報有無チェックを参照。
D85: 3.2.8 | E85: ビルデータ情報有無チェック
F86: ・ チェック内容は、【２】のビルデータ情報有無チェックを参照。
D87: 3.2.9 | E87: 排他チェック
F88: ・ チェック内容は、【２】の排他チェックを参照。
D89: 3.2.10 | E89: DBに存在する表示中の被災状況情報に対し、入力内容を上書きする。
D90: 3.2.11 | E90: 完了を被災状況詳細画面のメッセージエリアに表示する。（NA0002)
F91: 「以下の内容で登録しました。」
D92: 3.2.12 | E92: 被災状況詳細画面に遷移する。
B94: 4 | C94: 前に戻るボタン | I94: クリック時
C95: ＜4.1 前提条件＞
D96: 4.1.1 | E96: 前に戻るボタンを押す。
C98: ＜4.2 戻る処理＞
D99: 4.2.1 | E99: 前画面に戻る。
B105: 【2】チェック処理 1/2
B107: № | C107: 名称 | H107: ＯＫとなる条件
H108: エラーの条件 | P108: エラーメッセージ | S108: 表示場所
B109: 1 | C109: 必須入力チェック | H109: 必須項目（※３）が入力されていること。
H111: 上記条件を満たさない。 | P111: EA0001 | S111: メッセージエリア
B113: 2 | C113: 文字数チェック | H113: テキストエリア入力項目（※４）について、入力文字数が指定文字数以下であること。
H115: 上記条件を満たさない。 | P115: EA0018 | S115: メッセージエリア
B117: 3 | C117: 属性チェック | H117: ”全半角”項目（※５）について、半角 + 全角（機種依存文字『ローマ数字、マルつき数字、単位、カッコつき文字』等を除く）のみ入力していること。
C118: （全半角）
H119: 上記を満たさない。 | P119: EA0007 | S119: メッセージエリア
B121: 4 | C121: 属性チェック （半角英数記号） | H121: ”半角英数記号”項目（※６）について、半角英数のみ入力していること。
H123: 上記条件を満たさない。 | P123: EA0008 | S123: メッセージエリア
B125: 5 | C125: 一意チェック | H125: 同じ災害ID／組織コード／ビルID／会社IDを持つ未削除の被災状況情報が存在しないこと。
H127: 上記条件を満たさない。 | P127: EA0014 | S127: メッセージエリア
B129: 6 | C129: 有効年月日時分チェック | H129: 報告日時が日時として有効であること。 （※時分未入力の場合、「00時00分」でチェックする）
H131: 上記条件を満たさない。 | P131: EA0009 | S131: メッセージエリア
B133: 7 | C133: 災害情報有無チェック | H133: 同じ災害コードを持つ未削除の災害情報が存在すること。
H135: 上記条件を満たさない。 | P135: ED0001 | S135: メッセージエリア
B137: 8 | C137: ビルデータ情報有無チェック | H137: 同じ組織コード／ビルコード／会社ＩＤを持つ未削除のビルデータ情報が存在すること。
H139: 上記条件を満たさない。 | P139: ED0002 | S139: メッセージエリア
B141: 9 | C141: 排他チェック | H141: 表示中の被災状況情報が最新であること。
H143: 上記条件を満たさない。 | P143: EA0013 | S143: 被災状況一覧画面のメッセージエリア
B145: ※１ エラーメッセージについては、「メッセージ一覧」を参照のこと。
B146: ※２ エラーメッセージの表示場所については、「標準化設計」を参照のこと。
B157: 【2】チェック処理 2/2
B159: ※３ 必須項目
C160: 項目名 | N160: トリガー
C161: 報告日時 | N161: （登録ボタン押下）
...

Sheet 被災状況履歴
A1: システム名 | D1: =目次!D1 -> 備蓄品管理システム | T1: Ｖｅｒ. | V1: 1.0
A2: =目次!A2 -> 章番号 | D2: =目次!D2 -> 第３章 機能設計 | T2: 作成日 | V2: 42398
A3: =目次!A3 -> 機能名 | T3: 作成者 | V3: 協和エクシオ
A4: =目次!A4 -> ３．１．４ 被災状況登録 | T4: 更新日
T5: 更新者
A6: 画面名 | D6: =目次!D16 -> ３．１．４．５ 被災状況履歴 | O6: ＩＤ
B8: 【1】イベント 1/2
B10: № | C10: 項目名 | I10: トリガー
C11: 処理内容
B12: 1 | C12: ― | I12: 初期表示
C13: ＜1.1 前提条件＞
D14: 1.1.1 | E14: 被災状況詳細画面より遷移する。
C16: ＜1.2 初期処理＞
D17: 1.2.1 | E17: ヘッダーバーを初期化する。
F18: ・ ログイン中ユーザのユーザ名と組織名１をDBから取得する。
F19: ・ ユーザ名をヘッダー文言①に、組織名１をヘッダー文言②に表示する。
D20: 1.2.2 | E20: 前画面にて指定された災害ID／組織コード／ビルコード／会社ID／報告回数から、
E21: 被災状況情報（履歴）を抽出する。
D22: 1.2.3 | E22: DBに登録された未削除の災害情報から、災害IDに紐づく、災害情報を抽出する。
D23: 1.2.4 | E23: DBに登録された未削除のビルデータ情報から、
E24: グループコード／会社コード／組織コードに紐づく、ビルデータ情報を抽出する。
D25: 1.2.5 | E25: 抽出したビルデータ情報のビル名を、ヘッダー文言③に表示する。
D26: 1.2.6 | E26: 抽出した災害情報／ビルデータ情報／被災状況情報（履歴）を、
E27: 被災状況履歴エリアに初期表示する。
B29: 2 | C29: 閉じるボタン | I29: クリック時
C30: ＜2.1 前提条件＞
D31: 2.1.1 | E31: 閉じるボタンを押す。
C33: ＜2.2 タブを閉じる処理＞
D34: 2.2.1 | E34: 本ウインドウのタブを閉じる。
B60: 【2】チェック処理 1/1
B62: チェックなし

Sheet 被災状況追加報告
A1: システム名 | D1: =目次!D1 -> 備蓄品管理システム | T1: Ｖｅｒ. | V1: 1.0
A2: =目次!A2 -> 章番号 | D2: =目次!D2 -> 第３章 機能設計 | T2: 作成日 | V2: 42398
A3: =目次!A3 -> 機能名 | T3: 作成者 | V3: 協和エクシオ
A4: =目次!A4 -> ３．１．４ 被災状況登録 | T4: 更新日
T5: 更新者
A6: 画面名 | D6: =目次!D18 -> ３．１．４．６ 被災状況追加報告 | O6: ＩＤ
B8: 【1】イベント 1/2
B10: № | C10: 項目名 | I10: トリガー
C11: 処理内容
B12: 1 | C12: ― | I12: 初期表示
C13: ＜1.1 前提条件＞
D14: 1.1.1 | E14: 被災状況詳細画面より遷移する。
C16: ＜1.2 初期処理＞
D17: 1.2.1 | E17: 画面入力項目を初期化する。
D18: 1.2.2 | E18: メッセージエリアを初期化する。
D19: 1.2.3 | E19: ヘッダーバーを初期化する。
F20: ・ ログイン中ユーザのユーザ名と組織名１をDBから取得する。
F21: ・ ユーザ名をヘッダー文言①に、組織名１をヘッダー文言②に表示する。
D22: 1.2.4 | E22: 前画面にて指定された災害ID／グループコード／会社コード／組織コード／ビルコード報告回数から、
E23: 被災状況情報を抽出する。
D24: 1.2.5 | E24: DBに登録された未削除の災害情報から、災害IDに紐づく、災害情報を抽出する。
D25: 1.2.6 | E25: DBに登録された未削除のビルデータ情報から、
E26: グループコード／会社コード／組織コード／ビルコードに紐づく、ビルデータ情報を抽出する。
D27: 1.2.7 | E27: 抽出したビルデータ情報のビル名を、ヘッダー文言③に表示する。
D28: 1.2.8 | E28: 抽出した災害情報／ビルデータ情報／被災状況情報を、
E29: 被災状況追加報告エリアに初期表示する。
D30: 1.2.9 | E30: 今回の報告回数を前回＋１回として表示する。
D31: 1.2.10 | E31: 報告日時欄に（システム日付 + 00時00分）をセットする。
B33: 2 | C33: クリアボタン | I33: 押下時
C34: ＜2.1 前提条件＞
D35: 2.1.1 | E35: クリアボタンを押下する。
C37: ＜2.2 クリア処理＞
D38: 2.2.1 | E38: 確認ダイアログを表示する。（NA0001)
E39: 「入力情報をクリアします。よろしいですか？」OK・キャンセル
F40: OK押下： 次の処理（2.2.2）へ進む。
F41: キャンセル押下： 処理を抜ける。
D42: 2.2.2 | E42: すべての入力（ラジオボタン含む）項目を初期表示時の状態に戻す。
D43: 2.2.3 | E43: メッセージエリアを初期化する。
B45: 3 | C45: 登録ボタン | I45: 押下時
C46: ＜3.1 前提条件＞
D47: 3.1.1 | E47: 登録ボタンを押下する。
C49: ＜3.2 登録確定処理＞
D50: 3.2.1 | E50: 確認ダイアログを表示する。（ND0002）
F51: 「被災状況情報を修正します。よろしいですか？」OK・キャンセル
G52: OK押下： 次の処理（3.2.2）へ進む。
G53: キャンセル押下： 処理を抜ける。
D54: 3.2.2 | E54: 必須入力チェック
F55: ・ チェック内容は、【２】の必須入力チェックを参照。
B60: 【1】イベント 2/2
B62: № | C62: 項目名 | I62: トリガー
C63: 処理内容
B64: 3 | D64: 3.2.3 | E64: 文字数チェック
F65: ・ チェック内容は、【２】の文字数チェックを参照。
D66: 3.2.4 | E66: 属性チェック
F67: ・ チェック内容は、【２】の属性チェックを参照。
D68: 3.2.5 | E68: 有効年月日時分チェック
F69: ・ チェック内容は、【２】の有効年月日時分チェックを参照。
D70: 3.2.6 | E70: 災害情報有無チェック
F71: ・ チェック内容は、【２】の災害情報有無チェックを参照。
D72: 3.2.7 | E72: ビルデータ情報有無チェック
F73: ・ チェック内容は、【２】のビルデータ情報有無チェックを参照。
D74: 3.2.8 | E74: 報告回数上限チェック
F75: ・ チェック内容は、【２】の報告回数上限を参照。
D76: 3.2.9 | E76: 排他チェック
F77: ・ チェック内容は、【２】の排他チェックを参照。
D78: 3.2.10 | E78: 入力内容をDBに登録する。
D79: 3.2.11 | E79: 完了を被災状況詳細画面のメッセージエリアに表示する。（NA0002)
F80: 「以下の内容で登録しました。」
D81: 3.2.12 | E81: 被災状況詳細画面に遷移する。
B83: 4 | C83: 前に戻るボタン | I83: クリック時
C84: ＜4.1 前提条件＞
D85: 4.1.1 | E85: 前に戻るボタンを押す。
C87: ＜4.2 戻る処理＞
D88: 4.2.1 | E88: 前画面に戻る。
B105: 【2】チェック処理 1/2
B107: № | C107: 名称 | H107: ＯＫとなる条件
H108: エラーの条件 | P108: エラーメッセージ | S108: 表示場所
B109: 1 | C109: 必須入力チェック | H109: 必須項目（※３）が入力されていること。
H111: 上記条件を満たさない。 | P111: EA0001 | S111: メッセージエリア
B113: 2 | C113: 文字数チェック | H113: テキストエリア入力項目（※４）について、入力文字数が指定文字数以下であること。
H115: 上記条件を満たさない。 | P115: EA0018 | S115: メッセージエリア
B117: 3 | C117: 属性チェック | H117: ”全半角”項目（※５）について、半角 + 全角（機種依存文字『ローマ数字、マルつき数字、単位、カッコつき文字』等を除く）のみ入力していること。
C118: （全半角）
H119: 上記を満たさない。 | P119: EA0007 | S119: メッセージエリア
B121: 4 | C121: 属性チェック （半角英数記号） | H121: ”半角英数記号”項目（※６）について、半角英数のみ入力していること。
H123: 上記条件を満たさない。 | P123: EA0008 | S123: メッセージエリア
B125: 5 | C125: 有効年月日時分チェック | H125: 報告日時が日時として有効であること。 （※時分未入力の場合、「00時00分」でチェックする）
H127: 上記条件を満たさない。 | P127: EA0009 | S127: メッセージエリア
B129: 6 | C129: 災害情報有無チェック | H129: 同じ災害コードを持つ未削除の災害情報が存在すること。
H131: 上記条件を満たさない。 | P131: ED0001 | S131: メッセージエリア
B133: 7 | C133: ビルデータ情報有無チェック | H133: 同じ組織コード／ビルコード／会社ＩＤを持つ未削除のビルデータ情報が存在すること。
H135: 上記条件を満たさない。 | P135: ED0002 | S135: メッセージエリア
B137: 8 | C137: 報告回数上限チェック | H137: 今回の報告回数が99回（パラメータ値）以下であること。
H139: 上記条件を満たさない。 | P139: ED0004 | S139: メッセージエリア
B141: 9 | C141: 排他チェック | H141: 表示中の被災状況情報が最新であること。
H143: 上記条件を満たさない。 | P143: EA0013 | S143: 被災状況一覧画面のメッセージエリア
B145: ※１ エラーメッセージについては、「メッセージ一覧」を参照のこと。
B146: ※２ エラーメッセージの表示場所については、「標準化設計」を参照のこと。
B157: 【2】チェック処理 2/2
B159: ※３ 必須項目
...

Sheet 被災状況CSV登録
A1: システム名 | D1: =目次!D1 -> 備蓄品管理システム | T1: Ｖｅｒ. | V1: 1.0
A2: =目次!A2 -> 章番号 | D2: =目次!D2 -> 第３章 機能設計 | T2: 作成日 | V2: 42398
A3: =目次!A3 -> 機能名 | T3: 作成者 | V3: 協和エクシオ
A4: =目次!A4 -> ３．１．４ 被災状況登録 | T4: 更新日
T5: 更新者
A6: 画面名 | D6: =目次!D20 -> ３．１．４．７ 被災状況CSV登録 | O6: ＩＤ
B8: 【1】イベント 1/5
B10: № | C10: 項目名 | I10: トリガー
C11: 処理内容
B12: 1 | C12: ― | I12: 初期表示
C13: ＜1.1 前提条件＞
D14: 1.1.1 | E14: 被災状況一覧画面より遷移する。
C16: ＜1.2 初期処理＞
D17: 1.2.1 | E17: CSVファイル欄の項目を初期化する。
D18: 1.2.2 | E18: メッセージエリアを初期化する。
D19: 1.2.3 | E19: ヘッダーバーを初期化する。
F20: ・ ログイン中ユーザのユーザ名と組織名１をDBから取得する。
F21: ・ ユーザ名をヘッダー文言①に、組織名１をヘッダー文言②に表示する。
D22: 1.2.4 | E22: 災害名プルダウンを、DBに登録された未削除の災害情報から生成する。
F23: ・ 災害発生日時／災害IDの降順でソートする。
F24: ・ 初期値として、被災状況一覧画面で表示中の災害名を表示する。
D25: 1.2.5 | E25: グループ名プルダウンの生成方法を「2.3.2 共通権限」の2.2を参照する。
D26: 1.2.6 | E26: 会社名プルダウンの生成方法を「2.3.2 共通権限」の2.2を参照する。
B28: 2 | C28: クリアボタン | I28: 押下時
C29: ＜2.1 前提条件＞
D30: 2.1.1 | E30: クリアボタンを押下する。
C32: ＜2.2 クリア処理＞
D33: 2.2.1 | E33: 確認ダイアログを表示する。（NA0001）
E34: 「入力情報をクリアします。よろしいですか？」OK・キャンセル
F35: OK押下： 次の処理（2.2.2）へ進む。
F36: キャンセル押下： 処理を抜ける。
D37: 2.2.2 | E37: すべての入力項目を初期表示時の状態に戻す。
D38: 2.2.3 | E38: メッセージエリアを初期化する。
B47: 【1】イベント 2/5
B49: № | C49: 項目名 | I49: トリガー
C50: 処理内容
B51: 3 | C51: 参照ボタン | I51: クリック時
C52: ＜3.1 前提条件＞
D53: 3.1.1 | E53: 参照ボタンを押下する。
C55: ＜3.2 ファイル参照処理＞
D56: 3.2.1 | E56: ウィンドウズファイルダイアログを開く。
E57: ［初期設定］
F58: ・ ダイアログはモーダルとし、他の操作をできなくする。
F59: ・ ファイルの手動入力は不可とする。
D60: 3.2.2 | E60: ウィンドウズファイルダイアログで、インポートするＣＳＶファイルを指定する。
D61: 3.2.3 | E61: ”開く”ボタン押下で、CSVファイル欄に指定したフォルダ名、ファイル名を表示する。
D62: 3.2.4 | E62: ”キャンセル”ボタン押下で、ウィンドウズダイアログが閉じ、CSVファイル欄は更新しない。
D63: 3.2.5 | E63: ウィンドウズファイルダイアログを閉じて、ビルデータCSV登録画面に戻る。
B65: 4 | C65: 登録ボタン | I65: クリック時
C66: ＜4.1 前提条件＞
D67: 4.1.1 | E67: 登録ボタンを押下する。
C69: ＜4.2 登録確定処理＞
D70: 4.2.1 | E70: 確認ダイアログを表示する。（ND0001）
F71: 「被災状況情報を登録します。よろしいですか？」OK・キャンセル
G72: OK押下： 次の処理（4.2.2）へ進む。
G73: キャンセル押下： 処理を抜ける。
D75: 4.2.2 | E75: 画面入力必須チェックを行う。
F76: ・ チェック内容は、【２】の画面入力必須チェックを参照。
F77: ・ エラーの場合は、エラーメッセージを表示し、処理を抜ける。
D79: 4.2.3 | E79: 被災状況CSV登録処理の二重起動有無をチェックする。
F80: ・ チェック内容は、【２】の二重起動有無チェックを参照。
F81: ・ エラーの場合は、エラーメッセージを表示し、処理を抜ける。
D83: 4.2.4 | E83: ファイルの入力有無チェックを行う。
F84: ・ チェック内容は、【２】のファイルの入力有無チェックを参照。
F85: ・ エラーの場合は、エラーメッセージを表示し、処理を抜ける。
D87: 4.2.5 | E87: ファイルの拡張子チェックを行う。
F88: ・ チェック内容は、【２】のファイル拡張子チェックを参照。
F89: ・ エラーの場合は、エラーメッセージを表示し、処理を抜ける。
B99: 【1】イベント 3/5
B101: № | C101: 項目名 | I101: トリガー
C102: 処理内容
B103: 4 | D103: 4.2.6 | E103: ファイル読取権限チェックを行う。
F104: ・ チェック内容は、【２】のファイル読取権限チェックを参照。
F105: ・ エラーの場合は、エラーメッセージを表示し、処理を抜ける。
D107: 4.2.7 | E107: ファイルサイズチェックを行う。
F108: ・ チェック内容は、【２】のファイルサイズチェックを参照。
F109: ・ エラーの場合は、エラーメッセージを表示し、処理を抜ける。
D111: 4.2.8 | E111: 被災状況CSVファイルを読み、件数チェックを行う。
F112: ・ チェック内容は、【２】のファイル件数チェックを参照。
F113: ・ エラーの場合は、エラーメッセージを表示し、処理を抜ける。
D115: 4.2.9 | E115: 災害情報有無チェック
F116: ・ チェック内容は、【２】の災害情報有無チェックを参照。
F117: ・ エラーの場合は、エラーメッセージを表示し、処理を抜ける。
D119: 4.2.10 | E119: CSVファイルを読み、各データ毎のチェック処理を全データ行い、
E120: エラーを検出した場合はエラーファイルにエラーの内容を出力する。
F121: ・ エラーファイルには下記の情報を出力する。
G122: No | H122: 出力項目
G123: 1 | H123: エラーを検出したCSVファイルの行数
G124: 2 | H124: エラーを検出した項目名
G125: 3 | H125: エラーメッセージ
G126: 例） | H126: 行数 | L126: ：21行目
H127: 項目名 | L127: ：会社名
H128: エラーメッセージ | L128: ：会社名は必須項目です。会社名を入力して下さい。
E130: 4.2.10.1 | F130: ファイルレイアウトのチェック
G131: ・ チェック内容は、【２】のファイルレイアウトチェックを参照。
E132: 4.2.10.2 | F132: 項目の必須チェックを行う
G133: ・ チェック内容は、【２】の必須チェックを参照。
E134: 4.2.10.3 | F134: 項目の文字数チェックを行う
G135: ・ チェック内容は、【２】の文字数チェックを参照。
E136: 4.2.10.4 | F136: 項目の属性チェックを行う
...
