Workbook

Sheet 目次
A1: システム名 | D1: 備蓄品管理システム | T1: Ｖｅｒ. | V1: 1.0 | AA1: 章 | AC1: 節 | AE1: 項
A2: 章番号 | D2: ="第"&DBCS($AA$3)&"章 "&AB3 -> 第３章 機能設計 | T2: 作成日 | V2: 2016/1/29 | AA2: 番 | AB2: 章分類 | AC2: 番 | AD2: 節分類 | AE2: 番 | AF2: 機能名
A3: 機能名 | T3: 作成者 | V3: 協和エクシオ | AA3: 3 | AB3: 機能設計 | AC3: 1 | AD3: 機能詳細 | AE3: 10 | AF3: 災害一覧
A4: =IF($AA$3="","",DBCS($AA$3))&IF($AC$3="","",DBCS("."&$AC$3))&IF($AE$3="","",DBCS("."&$AE$3))&DBCS(" ")&$AF$3 -> ３．１．１０ 災害一覧 | T4: 更新日
T5: 更新者
AA6: 段
AA7: 番 | AB7: 処理名
D8: =IF($AA8="","",IF($AA$3="","",DBCS($AA$3))&IF($AC$3="","",DBCS("."&$AC$3))&IF($AE$3="","",DBCS("."&$AE$3))&IF($AA8="","",DBCS("."&$AA8))&DBCS(" ")&$AB8) -> ３．１．１０．１ 災害一覧 | AA8: 1 | AB8: 災害一覧
D10: =IF($AA10="","",IF($AA$3="","",DBCS($AA$3))&IF($AC$3="","",DBCS("."&$AC$3))&IF($AE$3="","",DBCS("."&$AE$3))&IF($AA10="","",DBCS("."&$AA10))&DBCS(" ")&$AB10) -> ３．１．１０．２ 災害登録 | AA10: 2 | AB10: 災害登録
D12: =IF($AA12="","",IF($AA$3="","",DBCS($AA$3))&IF($AC$3="","",DBCS("."&$AC$3))&IF($AE$3="","",DBCS("."&$AE$3))&IF($AA12="","",DBCS("."&$AA12))&DBCS(" ")&$AB12) -> ３．１．１０．３ 災害詳細 | AA12: 3 | AB12: 災害詳細
D14: =IF($AA14="","",IF($AA$3="","",DBCS($AA$3))&IF($AC$3="","",DBCS("."&$AC$3))&IF($AE$3="","",DBCS("."&$AE$3))&IF($AA14="","",DBCS("."&$AA14))&DBCS(" ")&$AB14) -> ３．１．１０．４ 災害修正 | AA14: 4 | AB14: 災害修正
D16: =IF($AA16="","",IF($AA$3="","",DBCS($AA$3))&IF($AC$3="","",DBCS("."&$AC$3))&IF($AE$3="","",DBCS("."&$AE$3))&IF($AA16="","",DBCS("."&$AA16))&DBCS(" ")&$AB16)
D18: =IF($AA18="","",IF($AA$3="","",DBCS($AA$3))&IF($AC$3="","",DBCS("."&$AC$3))&IF($AE$3="","",DBCS("."&$AE$3))&IF($AA18="","",DBCS("."&$AA18))&DBCS(" ")&$AB18)
D20: =IF($AA20="","",IF($AA$3="","",DBCS($AA$3))&IF($AC$3="","",DBCS("."&$AC$3))&IF($AE$3="","",DBCS("."&$AE$3))&IF($AA20="","",DBCS("."&$AA20))&DBCS(" ")&$AB20)
D22: =IF($AA22="","",IF($AA$3="","",DBCS($AA$3))&IF($AC$3="","",DBCS("."&$AC$3))&IF($AE$3="","",DBCS("."&$AE$3))&IF($AA22="","",DBCS("."&$AA22))&DBCS(" ")&$AB22)
D24: =IF($AA24="","",IF($AA$3="","",DBCS($AA$3))&IF($AC$3="","",DBCS("."&$AC$3))&IF($AE$3="","",DBCS("."&$AE$3))&IF($AA24="","",DBCS("."&$AA24))&DBCS(" ")&$AB24)
D26: =IF($AA26="","",IF($AA$3="","",DBCS($AA$3))&IF($AC$3="","",DBCS("."&$AC$3))&IF($AE$3="","",DBCS("."&$AE$3))&IF($AA26="","",DBCS("."&$AA26))&DBCS(" ")&$AB26)
D28: =IF($AA28="","",IF($AA$3="","",DBCS($AA$3))&IF($AC$3="","",DBCS("."&$AC$3))&IF($AE$3="","",DBCS("."&$AE$3))&IF($AA28="","",DBCS("."&$AA28))&DBCS(" ")&$AB28)
D30: =IF($AA30="","",IF($AA$3="","",DBCS($AA$3))&IF($AC$3="","",DBCS("."&$AC$3))&IF($AE$3="","",DBCS("."&$AE$3))&IF($AA30="","",DBCS("."&$AA30))&DBCS(" ")&$AB30)
D32: =IF($AA32="","",IF($AA$3="","",DBCS($AA$3))&IF($AC$3="","",DBCS("."&$AC$3))&IF($AE$3="","",DBCS("."&$AE$3))&IF($AA32="","",DBCS("."&$AA32))&DBCS(" ")&$AB32)
D34: =IF($AA34="","",IF($AA$3="","",DBCS($AA$3))&IF($AC$3="","",DBCS("."&$AC$3))&IF($AE$3="","",DBCS("."&$AE$3))&IF($AA34="","",DBCS("."&$AA34))&DBCS(" ")&$AB34)

Sheet 災害一覧
A1: システム名 | D1: =目次!D1 -> 備蓄品管理システム | T1: Ｖｅｒ. | V1: 1.0
A2: =目次!A2 -> 章番号 | D2: =目次!D2 -> 第３章 機能設計 | T2: 作成日 | V2: 42398
A3: =目次!A3 -> 機能名 | T3: 作成者 | V3: 協和エクシオ
A4: =目次!A4 -> ３．１．１０ 災害一覧 | T4: 更新日
T5: 更新者
A6: 画面名 | D6: =目次!D8 -> ３．１．１０．１ 災害一覧 | O6: ＩＤ
B8: 【1】イベント 1/3
B10: № | C10: 項目名 | I10: トリガー
C11: 処理内容
B12: 1 | C12: ― | I12: 初期表示
C13: ＜1.1 前提条件＞
D14: 1.1.1 | E14: 地図画面より遷移する。
D15: 1.1.2 | E15: 災害登録画面より遷移する。
D16: 1.1.3 | E16: 災害詳細画面より遷移する。
D17: 1.1.4 | E17: 各画面のメニューバーから遷移する。
C19: ＜1.2 初期処理＞
D20: 1.2.1 | E20: 画面入力項目を初期化する。
D21: 1.2.2 | E21: メッセージエリアを初期化する。
D22: 1.2.3 | E22: ヘッダーバーを初期化する。
F23: ・ ログイン中ユーザのユーザ名と組織名１をDBから取得する。
F24: ・ ユーザ名をヘッダー文言①に、組織名１をヘッダー文言②に表示する。
D25: 1.2.4 | E25: 検索エリアの初期値の条件で、未削除の災害一覧を全て抽出する。
F26: ・ 検索項目が未入力の項目は、該当項目について全件検索とする。
F27: 検索項目 | J27: 検索条件
F28: 災害名 | J28: あいまい検索可能。
F29: 災害発生日時 | J29: 災害発生日時が指定期間内のデータを検索。
D30: 1.2.5 | E30: 抽出した災害一覧の件数を、ヘッダー文言③に表示する。
D31: 1.2.6 | E31: 抽出した災害一覧を、災害一覧エリアに表示する。
F32: ・ 以下のソート項目で並び替えした後に初期表示する。
F33: ソート項目 | L33: ソート順
F34: 災害ＩＤ | L34: 降順
F35: ・ 結果がゼロ件の場合、下記項目を非活性にする。
G36: ・ ページ遷移リンク
D37: 1.2.7 | E37: ページ遷移リンクの設定。
F38: ・ 次ページがある場合は、次ページリンクを設定する。
F39: ・ 前ページのリンクは、テキストの表示のみとする。
B41: 2 | C41: 検索ボタン | I41: 押下時
C42: ＜2.1 前提条件＞
D43: 2.1.1 | E43: 検索ボタンを押下する。
C45: ＜2.2 一覧検索処理＞
D46: 2.2.1 | E46: 属性チェック
F47: ・ チェック内容は、【２】の属性チェックを参照。
F48: ・ 未入力の場合、チェックしない。
D49: 2.2.2 | E49: 有効年月日時分チェック
F50: ・ チェック内容は、【２】の有効年月日時分チェックを参照。
F51: ・ 未入力の場合、チェックしない。
D52: 2.2.3 | E52: 年月日時分逆転チェック
F53: ・ チェック内容は、【２】の年月日時分逆転チェックを参照。
F54: ・ 未入力の場合、チェックしない。
B61: 【1】イベント 2/3
B63: № | C63: 項目名 | I63: トリガー
C64: 処理内容
B65: 2 | D65: 2.2.4 | E65: 検索エリアにおける各入力欄のAND条件で、未削除の災害一覧を全て抽出する。
F66: ・ 検索項目で未入力を指定した項目は、該当項目について全件検索とする。
F67: 検索項目 | J67: 検索条件
F68: 災害名 | J68: あいまい検索可能。
F69: 災害発生日時 | J69: 災害発生日時が指定期間内のデータを検索。
D70: 2.2.5 | E70: 抽出した災害一覧の件数を、ヘッダー文言③に表示する。
D71: 2.2.6 | E71: 抽出した災害一覧を、災害一覧エリアに表示する。
F72: ・ 以下のソート項目で並び替えした後に初期表示する。
F73: ソート項目 | L73: ソート順
F74: 災害ＩＤ | L74: 降順
F75: ・ 結果がゼロ件の場合、下記項目を非活性にする。
G76: ・ ページ遷移リンク
D77: 2.2.7 | E77: ページ遷移リンクの設定。
F78: ・ 次ページがある場合は、次ページリンクを設定する。
F79: ・ 前ページのリンクは、テキストの表示のみとする。
B81: 3 | C81: クリアボタン | I81: 押下時
C82: ＜3.1 前提条件＞
D83: 3.1.1 | E83: クリアボタンを押下する。
C85: ＜3.2 クリア処理＞
D86: 3.2.1 | E86: 検索エリアの各項目を、初期表示時の状態に戻す。
D87: 3.2.2 | E87: メッセージエリアを初期化する。
B89: 4 | C89: 災害登録画面へボタン | I89: 押下時
C90: ＜4.1 前提条件＞
D91: 4.1.1 | E91: 災害登録画面へボタンを押下する。
C93: ＜4.2 画面遷移処理＞
D94: 4.2.1 | E94: 災害登録画面に遷移する。
B96: 5 | C96: 一覧行選択リンク | I96: クリック時
C97: ＜5.1 前提条件＞
D98: 5.1.1 | E98: 災害一覧の行にカーソルを合わせ、行をクリックする。
C100: ＜5.2 画面遷移処理＞
D101: 5.2.1 | E101: 指定された行の災害情報の災害詳細画面へ遷移する。
B103: 6 | C103: 一覧表示件数切替 | I103: 変更時
C104: ＜6.1 前提条件＞
D105: 6.1.1 | E105: 一覧表示件数を別の値に変更する。
C107: ＜6.2 災害一覧更新処理＞
D108: 6.2.1 | E108: 指定した表示件数をもとに、表示中の災害一覧を再表示する。
B113: 【1】イベント 3/3
B115: № | C115: 項目名 | I115: トリガー
C116: 処理内容
B117: 7 | C117: ページ遷移リンク | I117: クリック時
C118: ＜7.1 前提条件＞
D119: 7.1.1 | E119: 前ページ遷移リンクをクリックする。
D120: 7.1.2 | E120: 次ページ遷移リンクをクリックする。
C122: ＜7.2 災害一覧更新処理＞
D123: 7.2.1 | E123: 表示中の災害一覧について、遷移先ページの内容に更新する。
D124: 7.2.2 | E124: 次ページがある場合は、次ページのリンクを設定、
E125: 前ページがある場合は、前ページのリンクを設定する。
B127: 8 | C127: ソートリンク | I127: クリック時
...

Sheet 災害登録
A1: システム名 | D1: =目次!D1 -> 備蓄品管理システム | T1: Ｖｅｒ. | V1: 1.0
A2: =目次!A2 -> 章番号 | D2: =目次!D2 -> 第３章 機能設計 | T2: 作成日 | V2: 42398
A3: =目次!A3 -> 機能名 | T3: 作成者 | V3: 協和エクシオ
A4: =目次!A4 -> ３．１．１０ 災害一覧 | T4: 更新日
T5: 更新者
A6: 画面名 | D6: =目次!D10 -> ３．１．１０．２ 災害登録 | O6: ＩＤ
B8: 【1】イベント 1/2
B10: № | C10: 項目名 | I10: トリガー
C11: 処理内容
B12: 1 | C12: ― | I12: 初期表示
C13: ＜1.1 前提条件＞
D14: 1.1.1 | E14: 災害一覧画面より遷移する。
C16: ＜1.2 初期処理＞
D17: 1.2.1 | E17: 画面入力項目を初期化する。
D18: 1.2.2 | E18: メッセージエリアを初期化する。
D19: 1.2.3 | E19: ヘッダーバーを初期化する。
F20: ・ ログイン中ユーザのユーザ名と組織名１をDBから取得する。
F21: ・ ユーザ名をヘッダー文言①に、組織名１をヘッダー文言②に表示する。
D22: 1.2.4 | E22: 災害発生日時欄に（システム日付 + 00時00分）をセットする。
B24: 2 | C24: クリアボタン | I24: 押下時
C25: ＜2.1 前提条件＞
D26: 2.1.1 | E26: クリアボタンを押下する。
C28: ＜2.2 クリア処理＞
D29: 2.2.1 | E29: 確認ダイアログを表示する。（NA0001）
E30: 「入力情報をクリアします。よろしいですか？」OK・キャンセル
F31: OK押下：次の処理（2.2.2）へ進む。
F32: キャンセル押下：処理を抜ける。
D33: 2.2.2 | E33: すべての入力項目を、初期表示時の状態に戻す。
D34: 2.2.3 | E34: メッセージエリアを初期化する。
B36: 3 | C36: 登録ボタン | I36: 押下時
C37: ＜3.1 前提条件＞
D38: 3.1.1 | E38: 登録ボタンを押下する。
C40: ＜3.2 登録確定処理＞
D41: 3.2.1 | E41: 確認ダイアログを表示する。（NI0001）
F42: 「災害情報を登録します。よろしいですか？」OK・キャンセル
G43: OK押下： 次の処理（3.2.2）へ進む。
G44: キャンセル押下： 処理を抜ける。
D45: 3.2.2 | E45: 必須入力チェック
F46: ・ チェック内容は、【２】の必須入力チェックを参照。
D47: 3.2.3 | E47: 属性チェック
F48: ・ チェック内容は、【２】の属性チェックを参照。
D49: 3.2.4 | E49: 有効年月日時分チェック
F50: ・ チェック内容は、【２】の有効年月日時分チェックを参照。
F51: ・ 未入力の場合、チェックしない。
D52: 3.2.5 | E52: 年月日時分逆転チェック
F53: ・ チェック内容は、【２】の年月日時分逆転チェックを参照。
F54: ・ 未入力の場合、チェックしない。
B60: 【1】イベント 2/2
B62: № | C62: 項目名 | I62: トリガー
C63: 処理内容
B64: 3 | D64: 3.2.6 | E64: 一意チェック
F65: ・ チェック内容は、【２】の一意チェックを参照。
D66: 3.2.7 | E66: 入力内容をDBに登録する。
D67: 3.2.8 | E67: 完了を災害詳細画面のメッセージエリアに表示する。（NA0002)
F68: 「以下の内容で登録しました。」
D69: 3.2.9 | E69: 災害詳細画面に遷移する。
B71: 4 | C71: 前に戻るボタン | I71: クリック時
C72: ＜4.1 前提条件＞
D73: 4.1.1 | E73: 前に戻るボタンを押す。
C75: ＜4.2 戻る処理＞
D76: 4.2.1 | E76: 前画面に戻る。
B105: 【2】チェック処理 1/1
B107: № | C107: 名称 | H107: ＯＫとなる条件
H108: エラーの条件 | P108: エラーメッセージ | S108: 表示場所
B109: 1 | C109: 必須入力チェック | H109: 必須項目（※３）が入力されていること。
H111: 上記条件を満たさない。 | P111: EA0001 | S111: メッセージエリア
B113: 2 | C113: 属性チェック （全半角） | H113: 災害名について、半角 + 全角（機種依存文字『ローマ数字、マルつき数字、単位、カッコつき文字』を除く）のみ入力していること。
H115: 上記条件を満たさない。 | P115: EA0007 | S115: メッセージエリア
B117: 3 | C117: 有効年月日時分チェック | H117: 災害発生日時が日時として有効であること。 （※時分未入力の場合、「00時00分」でチェックする）
H119: 上記条件を満たさない。 | P119: EA0009 | S119: メッセージエリア
H121: 災害収束日時が日時として有効であること。 （※時分未入力の場合、「00時00分」でチェックする）
H123: 上記条件を満たさない。 | P123: EA0009 | S123: メッセージエリア
B125: 4 | C125: 年月日時分逆転チェック | H125: 災害発生日時 <= 災害収束日時。 (※時分未入力の場合、「00時00分」でチェックする)
H127: 上記条件を満たさない。 | P127: EA0015 | S127: メッセージエリア
B129: 5 | C129: 一意チェック | H129: 同じ災害名を持つ未削除の災害情報が存在しないこと。
H131: 上記条件を満たさない。 | P131: EA0014 | S131: メッセージエリア
B133: ※１ エラーメッセージについては、「メッセージ一覧」を参照のこと。
B134: ※２ エラーメッセージの表示場所については、「標準化設計」を参照のこと。
B135: ※３ 必須項目
C136: 項目名 | N136: トリガー
C137: 災害名 | N137: （登録ボタン押下）

Sheet 災害詳細
A1: システム名 | D1: =目次!D1 -> 備蓄品管理システム | T1: Ｖｅｒ. | V1: 1.0
A2: =目次!A2 -> 章番号 | D2: =目次!D2 -> 第３章 機能設計 | T2: 作成日 | V2: 42398
A3: =目次!A3 -> 機能名 | T3: 作成者 | V3: 協和エクシオ
A4: =目次!A4 -> ３．１．１０ 災害一覧 | T4: 更新日
T5: 更新者
A6: 画面名 | D6: =目次!D12 -> ３．１．１０．３ 災害詳細 | O6: ＩＤ
B8: 【1】イベント 1/2
B10: № | C10: 項目名 | I10: トリガー
C11: 処理内容
B12: 1 | C12: ― | I12: 初期表示
C13: ＜1.1 前提条件＞
D14: 1.1.1 | E14: 災害一覧画面より遷移する。
D15: 1.1.2 | E15: 災害登録画面より遷移する。
D16: 1.1.3 | E16: 災害修正画面より遷移する。
C18: ＜1.2 初期処理＞
D19: 1.2.1 | E19: ヘッダーバーを初期化する。
F20: ・ ログイン中ユーザのユーザ名と組織名１をDBから取得する。
F21: ・ ユーザ名をヘッダー文言①に、組織名１をヘッダー文言②に表示する。
D22: 1.2.2 | E22: 前画面にて指定された災害ＩＤから、災害情報を抽出する。
D23: 1.2.3 | E23: 抽出した災害一覧の災害IDを、ヘッダー文言③に表示する。
D24: 1.2.4 | E24: 抽出した災害情報を、災害詳細エリアに表示する。
B26: 2 | C26: 修正ボタン | I26: 押下時
C27: ＜2.1 前提条件＞
D28: 2.1.1 | E28: 修正ボタンを押下する。
C30: ＜2.2 画面遷移処理＞
D31: 2.2.1 | E31: 指定した災害情報の災害修正画面へ遷移する。
B33: 3 | C33: 削除ボタン | I33: 押下時
C34: ＜3.1 前提条件＞
D35: 3.1.1 | E35: 削除ボタンを押下する。
C37: ＜3.2 削除確定処理＞
D38: 3.2.1 | E38: 確認ダイアログを表示する。（NI0003）
F39: 「災害情報を削除します。よろしいですか？」OK・キャンセル
G40: OK押下： 次の処理（3.2.2）へ進む。
G41: キャンセル押下： 処理を抜ける。
D42: 3.2.2 | E42: 被災状況情報有無チェック
F43: ・ チェック内容は、【２】の被災状況情報有無チェックを参照。
D44: 3.2.3 | E44: フリーワード情報有無チェック
F45: ・ チェック内容は、【２】のフリーワード情報有無チェックを参照。
D46: 3.2.4 | E46: 排他チェック
F47: ・ チェック内容は、【２】の排他チェックを参照。
D48: 3.2.5 | E48: 削除更新処理を行う。
D49: 3.2.6 | E49: 完了を災害一覧画面のメッセージエリアに表示する。（NI0004）
F50: 「災害情報を削除しました。」
D51: 3.2.7 | E51: 災害一覧画面に遷移する。
B60: 【1】イベント 2/2
B62: № | C62: 項目名 | I62: トリガー
C63: 処理内容
B64: 4 | C64: 前に戻るボタン | I64: クリック時
C65: ＜4.1 前提条件＞
D66: 4.1.1 | E66: 前に戻るボタンを押す。
C68: ＜4.2 戻る処理＞
D69: 4.2.1 | E69: 前画面に戻る。
B105: 【2】チェック処理 1/1
B107: № | C107: 名称 | H107: ＯＫとなる条件
H108: エラーの条件 | P108: エラーメッセージ | S108: 表示場所
B109: 1 | C109: 被災状況情報有無チェック | H109: 同じ災害IDを持つ未削除の被災状況情報が存在しないこと。
H111: 上記条件を満たさない。 | P111: EI0001 | S111: メッセージエリア
B113: 2 | C113: フリーワード情報有無チェック | H113: 同じ災害IDを持つ未削除のフリーワード情報が存在しないこと。
H115: 上記条件を満たさない。 | P115: EI0003 | S115: メッセージエリア
B117: 3 | C117: 排他チェック | H117: 表示中の災害情報が最新であること。
H119: 上記条件を満たさない。 | P119: EA0013 | S119: 災害一覧画面のメッセージエリア
B121: ※１ エラーメッセージについては、「メッセージ一覧」を参照のこと。
B122: ※２ エラーメッセージの表示場所については、「標準化設計」を参照のこと。

Sheet 災害修正
A1: システム名 | D1: =目次!D1 -> 備蓄品管理システム | T1: Ｖｅｒ. | V1: 1.0
A2: =目次!A2 -> 章番号 | D2: =目次!D2 -> 第３章 機能設計 | T2: 作成日 | V2: 42398
A3: =目次!A3 -> 機能名 | T3: 作成者 | V3: 協和エクシオ
A4: =目次!A4 -> ３．１．１０ 災害一覧 | T4: 更新日
T5: 更新者
A6: 画面名 | D6: =目次!D14 -> ３．１．１０．４ 災害修正 | O6: ＩＤ
B8: 【1】イベント 1/2
B10: № | C10: 項目名 | I10: トリガー
C11: 処理内容
B12: 1 | C12: ― | I12: 初期表示
C13: ＜1.1 前提条件＞
D14: 1.1.1 | E14: 災害詳細画面より遷移する。
C16: ＜1.2 初期処理＞
D17: 1.2.1 | E17: 画面入力項目を初期化する。
D18: 1.2.2 | E18: メッセージエリアを初期化する。
D19: 1.2.3 | E19: ヘッダーバーを初期化する。
F20: ・ ログイン中ユーザのユーザ名と組織名１をDBから取得する。
F21: ・ ユーザ名をヘッダー文言①に、組織名１をヘッダー文言②に表示する。
D22: 1.2.4 | E22: 前画面にて指定された災害ＩＤから、災害情報を抽出する。
D23: 1.2.5 | E23: 抽出した災害情報の災害IDを、ヘッダー文言③に表示する。
D24: 1.2.6 | E24: 抽出した災害情報を、災害修正エリアに表示する。
B26: 2 | C26: クリアボタン | I26: 押下時
C27: ＜2.1 前提条件＞
D28: 2.1.1 | E28: クリアボタンを押下する。
C30: ＜2.2 クリア処理＞
D31: 2.2.1 | E31: 確認ダイアログを表示する。（NA0001）
E32: 「入力情報をクリアします。よろしいですか？」OK・キャンセル
F33: OK押下：次の処理（2.2.2）へ進む。
F34: キャンセル押下：処理を抜ける。
D35: 2.2.2 | E35: すべての入力項目を、初期表示時の状態に戻す。
D36: 2.2.3 | E36: メッセージエリアを初期化する。
B38: 3 | C38: 登録ボタン | I38: 押下時
C39: ＜3.1 前提条件＞
D40: 3.1.1 | E40: 登録ボタンを押下する。
C42: ＜3 登録確定処理＞
D43: 3.2.1 | E43: 修正確認ダイアログを表示する。（NI0002）
F44: 「災害情報を修正します。よろしいですか？」OK・キャンセル
G45: OK押下： 次の処理（3.2.2）へ進む。
G46: キャンセル押下： 処理を抜ける。
D47: 3.2.2 | E47: 必須入力チェック
F48: ・ チェック内容は、【２】の必須入力チェックを参照。
D49: 3.2.3 | E49: 属性チェック
F50: ・ チェック内容は、【２】の属性チェックを参照。
D51: 3.2.4 | E51: 有効年月日時分チェック
F52: ・ チェック内容は、【２】の有効年月日時分チェックを参照。
F53: ・ 未入力の場合、チェックしない。
D54: 3.2.5 | E54: 年月日時分逆転チェック
F55: ・ チェック内容は、【２】の年月日時分逆転チェックを参照。
F56: ・ 未入力の場合、チェックしない。
B60: 【1】イベント 2/2
B62: № | C62: 項目名 | I62: トリガー
C63: 処理内容
B64: 3 | D64: 3.2.6 | E64: 一意チェック
F65: ・ チェック内容は、【２】の一意チェックを参照。
D66: 3.2.7 | E66: 排他チェック
F67: ・ チェック内容は、【２】の排他チェックを参照。
D68: 3.2.8 | E68: DBに存在する表示中の災害情報に対し、入力内容を上書きする。
D69: 3.2.9 | E69: 完了を災害詳細画面のメッセージエリアに表示する。（NA0002)
F70: 「以下の内容で登録しました。」
D71: 3.2.10 | E71: 災害詳細画面に遷移する。
B73: 4 | C73: 前に戻るボタン | I73: クリック時
C74: ＜4.1 前提条件＞
D75: 4.1.1 | E75: 前に戻るボタンを押す。
C77: ＜4.2 戻る処理＞
D78: 4.2.1 | E78: 前画面に戻る。
B105: 【2】チェック処理 1/1
B107: № | C107: 名称 | H107: ＯＫとなる条件
H108: エラーの条件 | P108: エラーメッセージ | S108: 表示場所
B109: 1 | C109: 必須入力チェック | H109: 必須項目（※３）が入力されていること。
H111: 上記条件を満たさない。 | P111: EA0001 | S111: メッセージエリア
B113: 2 | C113: 属性チェック （全半角） | H113: 災害名について、半角 + 全角（機種依存文字『ローマ数字、マルつき数字、単位、カッコつき文字』を除く）のみ入力していること。
H115: 上記条件を満たさない。 | P115: EA0007 | S115: メッセージエリア
B117: 3 | C117: 有効年月日時分チェック | H117: 災害発生日時が日時として有効であること。 （※時分未入力の場合、「00時00分」でチェックする）
H119: 上記条件を満たさない。 | P119: EA0009 | S119: メッセージエリア
H121: 災害収束日時が日時として有効であること。 （※時分未入力の場合、「00時00分」でチェックする）
H123: 上記条件を満たさない。 | P123: EA0009 | S123: メッセージエリア
B125: 4 | C125: 年月日時分逆転チェック | H125: 災害発生日時 <= 災害収束日時。 (※時分未入力の場合、「00時00分」でチェックする)
H127: 上記条件を満たさない。 | P127: EA0015 | S127: メッセージエリア
B129: 5 | C129: 一意チェック | H129: 同じ災害名を持つ未削除の災害名情報が存在しないこと。
H131: 上記条件を満たさない。 | P131: EA0014 | S131: メッセージエリア
B133: 6 | C133: 排他チェック | H133: 表示中の災害情報が最新であること
H135: 上記条件を満たさない。 | P135: EA0013 | S135: 災害一覧画面のメッセージエリア
B137: ※１ エラーメッセージについては、「メッセージ一覧」を参照のこと。
B138: ※２ エラーメッセージの表示場所については、「標準化設計」を参照のこと。
B139: ※３ 必須項目
C140: 項目名 | N140: トリガー
C141: 災害名 | N141: （登録ボタン押下）
